,Gymnast ID,Name,Team,VT,UB,BB,FX,AA
0,31652,Amber Boll,Air Force,9.735,9.790,0,0,0
2,31653,Velandra Brochi,Air Force,9.715,9.720,9.765,9.740,38.690
6,30582,Briona Carswell,Air Force,0,0,9.810,9.695,0
8,31658,Ayla McKean,Air Force,9.770,9.805,9.745,9.815,39.045
11,30182,Natalie Meyer,Air Force,0,0,0,9.700,0
12,30800,Grace Nelson,Air Force,9.455,9.690,0,0,0
14,31661,Genevieve Sabado,Air Force,9.690,9.800,9.840,9.835,39.035
19,30184,Valerie Smith,Air Force,0,0,9.750,0,0
20,30185,Cameo Stapleton,Air Force,0,0,0,9.850,0
21,30186,Daija Stevenson,Air Force,0,0,9.765,9.780,0
24,30177,Grace Bardes,Air Force,0,9.670,0,0,0
47,31663,Tessa Volpe,Air Force,9.585,0,0,0,0
108,31659,Gabriella Meccia,Air Force,9.660,0,0,0,0
312,30804,Shania Adams,Alabama,0,9.835,0,0,0
316,30786,Luisa Blanco,Alabama,9.755,9.940,9.940,9.900,0
319,30787,Ella Burgess,Alabama,0,0,9.900,0,0
320,30343,Makarri Doggette,Alabama,9.825,9.935,0,0,0
323,29844,Emily Gaskins,Alabama,0,9.820,0,9.630,0
327,25061,Lexi Graber,Alabama,9.865,0,9.905,9.945,0
329,30806,Cam Machado,Alabama,0,9.905,0,9.860,0
331,31248,Jordyn Paradise,Alabama,9.845,0,0,0,0
332,30345,Mati Waligora,Alabama,0,9.815,9.880,9.800,0
348,31247,Lilly Hudson,Alabama,9.820,9.875,9.900,9.920,0
353,29851,Shallon Olsen,Alabama,9.900,0,9.845,9.830,0
356,30042,Kaylee Quinn,Alabama,9.835,0,0,0,0
579,30808,Montana Fairbairn,Alaska,0,0,9.560,0,0
580,31249,Shannon Farrell,Alaska,0,0,9.770,0,0
581,30810,Jessica Johnson,Alaska,0,9.710,9.765,9.600,0
583,30811,Brooklyn Kopsack,Alaska,9.565,0,0,0,0
585,30812,Alyssa Manley,Alaska,9.535,9.775,0,9.705,0
588,30813,Allie McClure,Alaska,9.600,9.175,0,0,0
591,31250,Hayley Perkins,Alaska,0,9.485,0,9.275,0
594,25114,Kylie Reese,Alaska,9.600,9.595,0,9.670,0
597,30348,Mackenzie Robinson,Alaska,0,0,9.375,0,0
627,29848,Rachel Decious,Alaska,0,9.380,9.740,9.690,0
632,30809,Silje Hildebrand,Alaska,9.345,0,0,0,0
816,30815,Jessica Castles,Arizona,9.755,0,9.710,0,0
819,30817,Elena Deets,Arizona,0,9.830,9.795,0,0
820,31253,Alysen Fears,Arizona,9.715,9.870,9.815,9.845,0
823,30351,Malia Hargrove,Arizona,9.845,9.840,9.815,9.885,39.300
827,30818,Caroline Herry,Arizona,9.770,0,9.810,9.895,0
829,29861,Mackinzie Kane,Arizona,0,9.645,0,0,0
830,30352,Sirena Linton,Arizona,0,9.720,9.900,0,0
831,30820,Bailey McCabe,Arizona,0,9.820,0,0,0
832,31255,Emily Mueller,Arizona,9.795,9.795,9.835,9.815,39.185
835,30353,Danielle Nosek,Arizona,9.815,0,0,0,0
837,30354,Libby Orman,Arizona,0,0,0,9.795,0
1079,30357,Jordyn Jaslow,Arizona State,9.795,0,0,9.835,0
1082,30826,Jada Mangahas,Arizona State,9.865,9.850,0,9.835,0
1091,30361,Hannah Scharf,Arizona State,9.880,9.875,9.900,9.895,39.490
1095,31257,Alex Theodorou,Arizona State,9.900,9.845,0,9.840,0
1098,30043,Megan Thompson,Arizona State,0,0,9.815,0,0
1100,30829,Emily White,Arizona State,9.840,9.855,9.885,9.855,39.240
1103,30824,Sarah Clark,Arizona State,0,9.875,9.815,9.785,0
1111,30360,Gracie Reeves,Arizona State,9.750,9.655,9.760,0,0
1129,29852,Jasmine Gutierrez,Arizona State,0,0,9.855,0,0
1319,29867,Amanda Elswick,Arkansas,9.880,0,9.915,0,0
1321,30762,Kiara Gianfagna,Arkansas,0,0,9.825,0,0
1323,29869,Kennedy Hambrick,Arkansas,9.870,9.875,9.895,9.870,39.345
1327,30763,Madison Hickey,Arkansas,0,0,0,9.825,0
1329,31262,Maddie Jones,Arkansas,0,9.840,0,9.880,0
1330,30830,Emma Kelley,Arkansas,9.735,0,0,0,0
1333,29870,Bailey Lovett,Arkansas,0,0,9.865,9.890,0
1335,24573,Maggie O'Hara,Arkansas,0,9.870,0,0,0
1336,29872,Savannah Pennese,Arkansas,9.825,0,0,9.805,0
1338,30833,Jensen Scalzo,Arkansas,0,9.875,0,0,0
1339,31263,Makenzie Sedlacek,Arkansas,9.835,0,0,9.830,0
1341,24512,Sarah Shaffer,Arkansas,9.850,9.875,0,0,0
1362,31261,Leah Smith,Arkansas,9.855,9.840,9.835,9.845,39.190
1417,31260,Kalyxta Gamiao,Arkansas,0,0,9.830,0,0
1582,30362,Aria Brusch,Auburn,0,9.905,9.865,9.800,0
1585,29879,Derrian Gobourne,Auburn,9.890,9.920,0,9.955,0
1588,31265,Sophia Groth,Auburn,9.855,9.835,9.950,9.895,0
1590,30835,Olivia Hollingsworth,Auburn,0,0,9.835,0,0
1591,31266,Sara Hubbard,Auburn,9.865,0,0,9.720,0
1593,31267,Sunisa Lee,Auburn,9.890,9.970,9.980,9.950,39.750
1597,30836,Gabby McLaughlin,Auburn,0,0,9.900,0,0
1598,30365,Adeline Sabados,Auburn,0,9.830,0,0,0
1599,30367,Cassie Stevens,Auburn,9.860,9.870,9.875,9.880,39.380
1604,24958,Drew Watson,Auburn,9.910,0,0,9.880,0
1870,29883,Sandra Elsadek,Ball State,9.750,9.675,9.760,9.775,38.285
1874,30585,Grace Evans,Ball State,0,9.745,0,0,0
1876,30839,Victoria Henry,Ball State,9.845,9.770,0,9.770,0
1877,30586,Alivia Ostendorf,Ball State,9.750,0,9.785,9.765,0
1880,30841,Suki Pfister,Ball State,9.895,0,0,0,0
1881,30842,Hannah Ruthberg,Ball State,9.790,9.785,9.815,9.815,38.850
1885,29887,Stefanie Schweikert,Ball State,9.805,0,0,0,0
1886,30843,Kelly Sulek,Ball State,0,9.575,0,0,0
1887,31272,Grace Sumner,Ball State,0,9.745,9.795,0,0
1889,30589,Megan Teter,Ball State,0,9.815,0,9.840,0
1891,29889,Lauren Volpe,Ball State,0,0,9.845,0,0
1892,30590,Taylor Waldo,Ball State,0,0,9.850,9.770,0
1900,29885,Marissa Nychyk,Ball State,0,9.750,0,0,0
1966,31270,Erica Cooper,Ball State,0,0,0,9.840,0
2180,30844,Courtney Blackson,Boise State,9.835,9.735,0,9.840,0
2182,30845,Talia Little,Boise State,0,9.830,9.795,0,0
2185,30846,Emily Lopez,Boise State,9.845,9.925,9.855,0,0
2188,31273,Emma Loyim,Boise State,0,0,0,9.765,0
2190,29892,Hope Masiado,Boise State,9.765,0,9.745,9.730,0
2194,31274,Elaina McGovern,Boise State,0,0,0,9.840,0
2195,25071,Emily Muhlenhaupt,Boise State,0,9.945,0,0,0
2196,24519,Maddi Nilson,Boise State,9.795,9.720,0,0,0
2197,31275,Blake Pascal,Boise State,0,0,0,9.815,0
2198,30371,Adriana Popp,Boise State,0,0,9.895,9.755,0
2199,29894,Samantha Smith,Boise State,9.795,0,0,0,0
2200,29895,Alexis Stokes,Boise State,0,9.915,9.750,0,0
2202,31276,Alyssa Vulaj,Boise State,9.860,0,0,0,0
2396,31131,Lauren Bannister,Bowling Green,9.645,0,0,9.720,0
2398,31278,Lexi Bornhorn,Bowling Green,0,9.710,0,0,0
2399,31279,Emily Castiglia,Bowling Green,0,0,9.780,0,0
2405,30374,Lily Harsch,Bowling Green,9.725,9.760,9.370,0,0
2409,30375,Taylor Jensen,Bowling Green,9.840,9.740,9.765,9.840,38.965
2413,31282,Brooke McNamara,Bowling Green,0,0,0,9.805,0
2416,31135,Sarina Ross,Bowling Green,0,0,9.705,0,0
2417,31285,Kathryn Weilbacher,Bowling Green,9.760,0,9.790,9.805,0
2435,31283,Katrina Mendez Abolnik,Bowling Green,9.800,9.695,9.740,9.760,38.870
2440,30526,Dahlia Solorzano-Caruso,Bowling Green,0,9.650,9.780,0,0
2684,31572,Catherine Aucoin,Bridgeport,8.555,9.270,9.515,9.350,35.905
2689,29695,Kathryn Doran,Bridgeport,9.505,9.865,9.705,0,0
2691,30292,Crystal Gwinn,Bridgeport,0,0,0,9.680,0
2692,31573,Olivia Imbarlina,Bridgeport,9.670,0,9.685,0,0
2695,29697,Nicole Javinett,Bridgeport,0,0,9.680,0,0
2696,29701,Alexis Richardson,Bridgeport,9.470,7.920,9.450,9.515,36.075
2698,31576,Kiana Session,Bridgeport,9.615,9.525,9.660,9.745,38.435
2761,31574,Gabrielle Jorden,Bridgeport,0,9.260,0,0,0
2898,30674,Lauren Blair,Brockport,9.550,0,0,0,0
2899,31667,Taylor Bushey,Brockport,0,9.680,0,0,0
2900,30241,Alexis Castellaneta,Brockport,9.705,0,9.740,9.810,0
2903,30676,Kyra Figurelli,Brockport,9.510,9.330,0,9.705,0
2906,31673,Natalie Galioto,Brockport,0,0,9.730,9.545,0
2908,30677,Gabbi Gare,Brockport,0,9.645,0,0,0
2909,30308,Nicole Jackson,Brockport,9.385,0,0,0,0
2910,31679,Kirsten Paultre,Brockport,0,0,0,9.690,0
2913,31683,Emma Grace Sargent,Brockport,9.640,9.600,0,0,0
2915,31684,Sydney Schumaker,Brockport,9.755,9.560,9.420,0,0
2918,31686,Olivia Stinnette,Brockport,0,0,9.430,0,0
2919,30678,Rachel Swick,Brockport,0,9.245,0,0,0
2921,30679,Emmie White,Brockport,0,0,9.375,9.265,0
2933,31678,Naimah Muhammad,Brockport,0,0,0,9.680,0
3114,30378,Abby Contello,Brown,0,9.750,9.635,0,0
3116,29897,Mei Li Costa,Brown,9.800,9.895,0,0,0
3121,29704,Alyssa Gardner,Brown,9.725,0,0,0,0
3123,30850,Lauren Kramer,Brown,9.605,0,0,0,0
3124,30379,Lauren Lazaro,Brown,0,0,9.650,9.700,0
3128,29899,Sophia Petrillo,Brown,0,9.640,0,0,0
3129,30382,Ella Poley,Brown,9.685,9.760,0,0,0
3130,31290,Taylor Schulze,Brown,0,9.795,9.820,0,0
3131,29900,Abby Walsh,Brown,0,0,0,9.665,0
3132,30854,McKenna Weiner,Brown,0,0,9.625,9.455,0
3135,30855,Angela Xing,Brown,9.760,0,9.525,9.690,0
3137,31286,Julia Bedell,Brown,9.790,0,0,9.835,0
3153,30852,Paige Richter,Brown,0,9.690,0,0,0
3181,30383,Carolanne Van Zandt,Brown,0,0,0,9.530,0
3402,29904,Abby Beeston,BYU,0,9.825,0,9.870,0
3405,30859,Sydney Benson,BYU,9.835,0,0,9.750,0
3409,31578,Sophie Dudley,BYU,0,0,0,9.715,0
3412,30681,Lindsey Hunter,BYU,0,9.800,0,9.785,0
3414,30856,Sophia McClelland,BYU,0,0,9.855,0,0
3415,31583,Eliza Millar,BYU,0,0,9.750,0,0
3417,29651,Haley Pitou,BYU,9.800,9.880,9.390,0,0
3420,30683,Elease Rollins,BYU,9.805,0,9.930,0,0
3423,29913,Brittney Vitkauskas,BYU,0,0,0,9.925,0
3424,30680,Anyssa Alvarado,BYU,0,9.925,0,0,0
3433,30766,Allix Mason,BYU,9.795,9.825,0,0,0
3437,29911,Sadie Miner-Van Tassell,BYU,9.900,9.835,9.880,9.910,39.480
3441,30857,Lauren Ono,BYU,0,0,9.845,0,0
3445,29912,Adeline Rieder,BYU,0,0,0,9.870,0
3453,29905,Lexi Griffith,BYU,9.840,0,0,0,0
3504,31581,Mina Margraf,BYU,0,0,9.525,0,0
3688,29916,Maya Bordas,California,9.850,9.895,9.890,9.870,39.450
3692,29917,Milan Clausi,California,9.850,0,9.895,9.895,0
3695,30591,Nevaeh DeSouza,California,9.885,9.855,9.870,9.865,39.455
3701,31294,Mya Lauzon,California,0,0,9.880,0,0
3704,30864,Andi Li,California,9.830,9.935,9.885,9.915,39.465
3708,29919,Grace Quinn,California,0,0,0,9.930,0
3709,29708,Nina Schank,California,9.860,9.875,0,9.825,0
3711,31296,Madelyn Williams,California,9.810,9.895,9.850,0,0
3758,29921,Emi Watterson,California,0,0,9.450,0,0
3796,30865,Gabby Perea,California,0,9.850,0,0,0
3953,30243,Xian Baumgartner,Centenary College,0,0,9.435,9.410,0
3955,30596,Rose Deshler,Centenary College,0,9.420,9.440,9.335,0
3957,30597,Kendall Huff,Centenary College,9.700,0,0,9.520,0
3960,30598,Leilani Johnson,Centenary College,9.595,0,0,0,0
3961,31298,Emma Lavelle,Centenary College,9.450,8.795,9.520,9.560,37.020
3965,31299,Carissa Martinez,Centenary College,0,0,9.355,0,0
3967,31137,Rylie Molina,Centenary College,0,0,9.165,0,0
3968,30245,Kendall Sanders,Centenary College,9.660,9.565,9.645,9.650,38.165
3972,30602,Lacey Wedge,Centenary College,9.335,0,0,0,0
3974,30603,Taylor Ann Wilson,Centenary College,0,9.695,0,0,0
3983,30244,Kendall Knaps,Centenary College,0,8.380,0,0,0
3991,31240,Isabel Plaza,Centenary College,9.380,0,0,0,0
4036,30599,Madison McCary,Centenary College,0,8.765,0,0,0
4166,31301,Avah Anthes,Central Michigan,9.760,0,0,0,0
4168,30867,Adriana Bustelo,Central Michigan,0,9.805,9.835,0,0
4170,30869,Elizabeth Cesarone,Central Michigan,9.785,0,0,0,0
4171,29922,Sierra Demarinis,Central Michigan,9.805,0,9.815,9.910,0
4174,30384,Hannah Demers,Central Michigan,9.860,9.870,9.855,9.880,39.360
4177,30385,Audriana Hammond,Central Michigan,0,9.820,0,0,0
4178,30386,Brenna Hauser,Central Michigan,0,9.755,0,0,0
4179,31305,Aleysia Kolyvanova,Central Michigan,0,0,9.560,9.805,0
4181,30387,Savana Kotas,Central Michigan,0,9.760,0,0,0
4182,30871,Katie Kowalski,Central Michigan,9.865,0,9.760,9.830,0
4186,31307,Quinn Skrupa,Central Michigan,9.710,0,9.770,0,0
4187,30391,Ashley Veglucci,Central Michigan,0,0,0,9.850,0
4232,30388,Taylor Pitchell,Central Michigan,0,0,0,9.840,0
4299,31304,Lia Kmieciak,Central Michigan,0,9.815,0,0,0
4430,31308,Sydney Beers,Cornell,9.720,9.535,9.700,9.755,38.635
4434,31177,Calista Brady,Cornell,9.705,0,0,9.285,0
4436,30392,Victoria DeMeo,Cornell,0,0,9.445,9.675,0
4438,30393,Katie Fitzpatrick,Cornell,0,9.420,0,0,0
4439,30395,Amy Krueger,Cornell,9.650,0,0,0,0
4440,29928,Miranda Lund,Cornell,9.640,0,9.695,9.765,0
4444,31312,Kate Michelini,Cornell,0,9.765,9.605,9.715,0
4447,31180,Melanie Stone,Cornell,0,9.670,9.550,9.535,0
4450,31182,Regina Walton,Cornell,9.715,0,9.730,0,0
4452,29930,Donna Webster,Cornell,9.580,0,0,0,0
4469,31313,Eva Phair,Cornell,0,0,9.395,0,0
4470,31314,Maddie Sakalosky,Cornell,0,9.535,0,0,0
4670,31698,Rianna Adams,Cortland State,9.295,9.220,0,0,0
4673,30684,Abby Bang,Cortland State,9.580,0,0,9.620,0
4675,31196,Delaney Brown,Cortland State,9.460,0,8.675,9.195,0
4677,30685,Bianca Carr,Cortland State,0,9.175,0,9.260,0
4680,31700,Bryanna Deangelis,Cortland State,0,0,8.785,0,0
4682,30687,Gracie Gallagher,Cortland State,0,8.095,9.085,0,0
4684,31704,Gabrielle Nadler,Cortland State,0,0,8.805,9.495,0
4685,30688,Samantha Nothnagel,Cortland State,9.395,8.960,9.395,0,0
4688,31705,Zoe Potamianos,Cortland State,9.170,0,0,9.490,0
4691,30248,Kamryn Rodriguez,Cortland State,0,0,9.405,9.740,0
4702,31197,Lucy de Michele,Cortland State,9.155,0,0,0,0
4890,30873,Rosie Casali,Denver,0,9.835,0,0,0
4891,24945,Emily Glynn,Denver,9.790,9.885,0,9.815,0
4894,30874,Jessica Hutchinson,Denver,9.850,9.865,0,0,0
4895,30875,Bella Mabanta,Denver,0,0,9.850,9.865,0
4897,30876,Rylie Mundell,Denver,9.875,9.905,9.870,9.630,39.160
4901,29932,Alexandria Ruiz,Denver,9.790,9.845,9.850,0,0
4904,24946,Mia Sundstrom,Denver,9.825,0,0,0,0
4916,31318,Momoko Iwai,Denver,9.770,0,9.765,9.840,0
4939,31317,Mia Hebinck,Denver,0,9.865,0,0,0
5142,30878,Raisa Boris,Eastern Michigan,0,9.840,9.835,9.755,0
5145,31322,Ella Chemotti,Eastern Michigan,9.715,9.790,9.875,0,0
5148,30329,Hadyn Crossen,Eastern Michigan,0,9.750,9.790,0,0
5153,25218,Cali Harden,Eastern Michigan,9.775,0,0,0,0
5154,30880,Jordan Jankowski,Eastern Michigan,0,9.730,0,0,0
5155,30881,Anna Grace McCullough,Eastern Michigan,9.720,9.775,0,9.785,0
5158,30323,Molly Parris,Eastern Michigan,9.740,9.770,0,9.800,0
5162,29938,Karalyn Roberts,Eastern Michigan,0,0,0,9.750,0
5164,29939,Caitlin Satler,Eastern Michigan,0,0,9.810,9.665,0
5175,29934,Shannon Gregory,Eastern Michigan,0,0,9.705,9.805,0
5188,30328,Mickayla Stuckey,Eastern Michigan,0,0,9.690,0,0
5401,25086,Alyssa Baumann,Florida,0,0,9.910,9.895,0
5403,31325,Sloane Blakely,Florida,9.850,9.850,9.920,9.845,39.075
5407,29941,Leah Clapper,Florida,0,0,9.910,0,0
5410,31327,Riley McCusker,Florida,0,9.830,0,0,0
5411,29943,Nya Reed,Florida,9.925,0,0,9.965,0
5414,29944,Savannah Schoenherr,Florida,9.905,9.905,0,0,0
5415,25082,Megan Skaggs,Florida,9.885,9.925,9.915,9.905,39.575
5420,29946,Trinity Thomas,Florida,9.965,9.950,9.970,9.980,0
5422,31328,Leanne Wong,Florida,9.865,9.945,9.930,9.940,39.555
5664,29950,Simone Banen,George Washington,0,9.830,9.705,0,0
5666,29951,Deja Chambliss,George Washington,9.895,9.810,9.790,9.910,39.315
5670,30097,Libby Garfoot,George Washington,0,9.730,0,0,0
5672,31329,Rachel Katz,George Washington,9.830,9.795,0,0,0
5674,30887,Payton Lynch,George Washington,0,0,0,9.825,0
5675,29952,Olivia Raymond,George Washington,0,9.800,0,9.775,0
5677,30405,Katherine Shek,George Washington,0,0,9.775,0,0
5678,30889,Anneliese Silverman,George Washington,0,9.435,9.830,0,0
5679,30890,Kendall Whitman,George Washington,9.820,0,9.805,9.890,0
5682,31332,Marlee York,George Washington,9.780,0,0,9.780,0
5684,31333,Sarah Zois,George Washington,9.815,0,9.815,0,0
5685,29953,Olivia Zona,George Washington,0,0,9.565,9.830,0
5721,30404,Hannah Munnelly,George Washington,9.755,0,0,0,0
5975,29960,Rachel Baumann,Georgia,9.865,0,9.865,9.925,0
5976,30406,Amanda Cashman,Georgia,9.780,9.730,0,0,0
5978,30408,Haley De Jong,Georgia,0,9.845,9.870,9.800,0
5982,30892,Katie Finnegan,Georgia,0,9.865,0,0,0
5984,30407,Soraya Hawthorne,Georgia,9.830,0,9.810,9.915,0
5988,29963,Mikayla Magee,Georgia,9.850,0,9.860,9.830,0
5991,29964,Alyssa Perez-Lugones,Georgia,0,0,0,9.830,0
5992,29965,Megan Roberts,Georgia,9.895,9.875,0,9.855,0
5995,29689,Emily Schild,Georgia,0,9.765,9.800,0,0
5997,29966,Abbey Ward,Georgia,9.850,9.810,0,0,0
6063,30893,Victoria Nguyen,Georgia,0,9.840,9.830,0,0
6239,31714,Lindsay Bangs,Gustavus Adolphus,9.220,0,8.860,0,0
6241,31209,Katy Cash,Gustavus Adolphus,0,8.920,8.500,0,0
6247,30649,Emma Esteb,Gustavus Adolphus,9.260,0,9.220,9.215,0
6250,31214,Caylee Greeder,Gustavus Adolphus,0,0,0,9.205,0
6252,30194,Brooke Merila,Gustavus Adolphus,9.370,8.775,0,9.490,0
6255,30195,Sophia Redding,Gustavus Adolphus,9.470,9.520,8.655,0,0
6259,31213,Abby Willis,Gustavus Adolphus,9.420,8.485,0,0,0
6274,30651,Jenna Griffith,Gustavus Adolphus,0,0,0,9.325,0
6278,31712,Marley Michaud,Gustavus Adolphus,9.345,8.475,0,0,0
6425,31167,Emily Anderson,Hamline,0,0,0,9.160,0
6429,30721,Bailee Davis,Hamline,9.235,0,0,0,0
6430,30723,Danielle Jaworski,Hamline,9.235,0,0,9.360,0
6433,30285,Nikki Johnsen,Hamline,9.095,0,0,8.925,0
6437,30286,Katie Kalland,Hamline,0,0,8.835,0,0
6438,30724,Madison Lieurance,Hamline,0,0,9.265,0,0
6440,30726,Elizabeth Schauer,Hamline,0,0,0,9.190,0
6442,30727,Madeline Sowinski,Hamline,0,8.955,9.335,9.245,0
6447,31340,Brianna Weikel,Hamline,0,8.205,0,0,0
6462,30289,Carolina Schlawiedt,Hamline,0,8.755,0,0,0
6592,30322,Rachel Borden,Illinois,0,9.835,9.805,0,0
6595,30903,Amelia Knight,Illinois,0,9.855,9.830,9.890,0
6598,29969,Mallory Mizuki,Illinois,0,9.835,9.650,0,0
6601,30905,Abby Mueller,Illinois,9.815,0,9.815,9.870,0
6604,31345,Ruthuja Nataraj,Illinois,9.860,0,0,9.850,0
6605,30412,Olivia O'Donnell,Illinois,9.795,9.885,0,9.785,0
6608,30413,Lexi Powe,Illinois,9.845,0,0,0,0
6610,30415,Mia Takekawa,Illinois,9.825,9.915,9.930,9.865,39.450
6613,30416,Mia Townes,Illinois,0,0,9.855,0,0
6618,30902,Kaitlyn Ewald,Illinois,0,9.710,0,9.855,0
6683,30414,Arayah Simons,Illinois,9.880,0,0,0,0
6880,30894,Isabella Decroo,Illinois State,0,9.530,0,9.725,0
6882,29954,Charlise Doctor,Illinois State,9.770,9.770,9.220,0,0
6886,25140,Isabelle Fox,Illinois State,9.680,0,9.755,9.795,0
6888,30897,J'Chelle Heard,Illinois State,9.820,0,0,0,0
6889,29955,Sofia Iribarren,Illinois State,0,9.830,9.705,0,0
6892,30899,Madison Kipp,Illinois State,0,9.830,9.815,0,0
6894,30605,Angelica Labat,Illinois State,9.880,9.820,9.825,9.840,39.310
6896,31349,Alana Laster,Illinois State,9.875,9.705,9.700,9.835,38.865
6899,31350,Jaye Mack,Illinois State,9.780,0,0,9.900,0
6901,29956,Mia Quigg,Illinois State,0,0,0,9.730,0
6902,31351,Mya Robinson,Illinois State,0,0,9.210,0,0
7193,29974,Alexandra Greenwald,Iowa,9.705,9.820,0,9.860,0
7195,30264,Lauren Guerin,Iowa,9.840,0,0,9.950,0
7197,30419,Jerquavia Henderson,Iowa,9.890,9.735,9.820,9.945,39.330
7199,24478,Clair Kaji,Iowa,0,9.610,9.895,9.875,0
7201,30908,Adeline Kenlin,Iowa,0,9.805,9.905,0,0
7205,29975,Bridget Killian,Iowa,9.865,0,9.845,9.835,0
7208,30911,Aubrey Nick,Iowa,0,0,9.750,0,0
7209,31357,Marissa Rojas,Iowa,0,0,9.820,9.730,0
7210,30422,Allyson Steffensmeier,Iowa,0,9.860,0,0,0
7211,29977,Carina Tolan,Iowa,0,9.770,0,0,0
7212,29978,Mackenzie Vance,Iowa,0,0,9.790,0,0
7214,30456,Linda Zivat,Iowa,9.860,0,0,0,0
7232,31204,Kendal Laplante,Iowa,9.765,0,0,0,0
7280,30420,Ellie Rogers,Iowa,0,9.710,0,0,0
7311,31084,Allison Zuhlke,Iowa,9.810,0,0,0,0
7481,30607,Loganne Basuel,Iowa State,0,9.820,9.805,0,0
7483,31586,Josie Bergstrom,Iowa State,9.850,0,9.815,0,0
7484,29830,Kelsey Boychuk,Iowa State,9.845,0,9.555,9.790,0
7487,30790,Laura Cooke,Iowa State,0,9.850,0,9.810,0
7490,30608,Maddie Diab,Iowa State,0,0,0,9.930,0
7492,31164,Emilie Hong,Iowa State,9.860,0,0,0,0
7493,31589,Hannah Loyim,Iowa State,0,9.785,9.800,9.635,0
7496,30611,Andrea Maldonado,Iowa State,0,0,0,9.880,0
7497,29832,Makayla Maxwell,Iowa State,9.915,9.775,0,0,0
7499,25088,Ariana Orrego,Iowa State,9.755,9.790,0,0,0
7501,29833,Ana Palacios,Iowa State,0,9.775,0,0,0
7502,31165,Kaia Parker,Iowa State,9.685,0,0,0,0
7503,29834,Meixi Semple,Iowa State,0,0,9.840,0,0
7504,25089,Sophia Steinmeyer,Iowa State,0,0,9.795,0,0
7744,30129,Amelia Bailey,Ithaca College,0,0,9.700,9.545,0
7746,31593,Marlena Bailey,Ithaca College,0,9.365,0,0,0
7747,31190,Meghan Bell,Ithaca College,9.375,0,0,9.390,0
7748,31596,Skye Cohen,Ithaca College,9.445,9.230,9.385,9.605,37.420
7749,31598,Jillian Freyman,Ithaca College,9.555,0,9.530,9.660,0
7752,31191,Cassidy Gallivan,Ithaca College,9.435,0,0,9.210,0
7758,30616,Zoe Kyriakopoulos,Ithaca College,0,9.220,9.375,0,0
7760,31600,Nicole Lonski,Ithaca College,0,9.470,0,0,0
7762,30133,Julia O'Sullivan,Ithaca College,0,8.845,9.325,0,0
7764,30618,Nya Pauldon,Ithaca College,9.570,0,0,0,0
7766,31602,Caitlin Pellegrino,Ithaca College,0,0,0,9.570,0
7767,31603,Dallas Rachal,Ithaca College,9.450,0,0,0,0
7785,30617,Cameryn Nichols,Ithaca College,0,9.325,0,0,0
7791,30619,Ai-Zhen  Tung,Ithaca College,0,0,9.495,0,0
7984,30423,Olivia Amodei,Kent State,9.780,9.795,0,9.850,0
7987,30007,Riley Danielson,Kent State,0,0,9.845,0,0
7988,30424,Rachel Decavitch,Kent State,9.810,9.820,9.790,9.850,39.245
7992,30425,Karlie Franz,Kent State,9.805,9.835,0,9.905,0
7995,30913,Kyndall Gilbert,Kent State,9.835,0,0,0,0
7998,30914,Sarah Haxton,Kent State,0,9.870,9.800,0,0
8001,30009,Samantha Henry,Kent State,0,0,9.745,0,0
8002,30010,Madison Iannuzzo,Kent State,0,9.775,0,0,0
8003,30011,Cami Klein,Kent State,0,0,9.855,0,0
8005,31366,Grace Wehry,Kent State,0,0,0,9.845,0
8045,31362,Alyssa Guns,Kent State,9.820,0,9.800,9.900,0
8079,30916,Kennedy Weinpert,Kent State,0,9.790,0,9.835,0
8099,30012,Kendra Lindway,Kent State,9.720,0,0,0,0
8248,30136,Josie Angeny,Kentucky,0,9.885,9.850,0,0
8253,30921,Hailey Davis,Kentucky,0,9.800,0,9.915,0
8256,30137,Anna Haigis,Kentucky,0,0,0,9.905,0
8259,30922,Isabella Magnelli,Kentucky,9.820,0,9.855,9.865,0
8262,30138,Cally Nixon,Kentucky,9.835,9.910,0,0,0
8264,30139,Arianna Patterson,Kentucky,9.890,0,0,0,0
8265,31358,Jillian Procasky,Kentucky,9.850,0,0,9.655,0
8267,31361,Makenzie Wilson,Kentucky,9.835,0,0,0,0
8268,30433,Raena Worley,Kentucky,9.910,9.935,9.915,9.950,39.680
8281,30431,Shealyn Luksik,Kentucky,0,9.850,9.805,0,0
8305,30768,Ashlyn Laclair,Kentucky,0,0,0,9.620,0
8488,31716,Trinity Caffey,Lindenwood,9.620,0,0,9.750,0
8490,31717,Kaylee Cooper,Lindenwood,0,9.720,0,0,0
8491,30689,Riley Daniels,Lindenwood,9.740,9.735,0,0,0
8493,30925,Jenna Eagles,Lindenwood,0,0,0,9.485,0
8495,30690,Gayla Griswold,Lindenwood,9.865,0,9.760,9.865,0
8499,30691,Sydney Lopez,Lindenwood,9.715,9.620,0,9.725,0
8502,30929,Hannah Moon,Lindenwood,0,9.790,9.760,0,0
8505,30295,Hadley Roberts,Lindenwood,0,0,9.845,9.770,0
8507,30931,Madison Rush,Lindenwood,0,0,9.785,0,0
8508,31720,Carley Scott,Lindenwood,0,9.705,0,0,0
8509,30932,Nicole Wojcik,Lindenwood,0,9.675,9.735,0,0
8512,31715,Hannah Appleget,Lindenwood,0,9.205,9.755,0,0
8518,30926,Simone Evans,Lindenwood,9.690,0,0,9.745,0
8519,31718,Payton Gatzlaff,Lindenwood,9.640,0,0,0,0
8602,31719,Michelle Reed,Lindenwood,9.750,0,0,0,0
8752,30933,Ella Barrington,LIU,0,0,0,9.775,0
8753,30934,Jah'Liyah Bedminster,LIU,9.795,9.730,0,9.775,0
8756,30936,Ella Castellanos,LIU,0,9.775,9.780,0,0
8758,30938,Taylor Doten,LIU,0,0,9.760,0,0
8759,30939,Talia Folino,LIU,0,0,9.605,0,0
8762,30942,Reagan Jones,LIU,0,0,0,9.800,0
8763,31777,Ilka Juk,LIU,9.650,9.730,9.835,0,0
8766,30712,Katy Koopman,LIU,9.765,0,0,9.760,0
8768,30715,Amanda Loo,LIU,9.755,0,0,9.820,0
8769,30945,Lauren Miller,LIU,9.730,9.710,0,0,0
8772,31778,Kira Sanchez,LIU,0,9.510,0,0,0
8775,30948,Mara Titarsolej,LIU,0,9.940,0,0,0
8780,30935,Cael Bixler,LIU,0,0,9.810,0,0
8785,31776,Karsyn Foster,LIU,9.610,0,0,0,0
8796,30946,Alana Ricketts,LIU,9.755,0,9.750,0,0
9038,30949,Elena Arenas,LSU,9.860,9.705,0,0,0
9040,30952,Haleigh Bryant,LSU,9.960,9.930,9.910,9.875,0
9044,25098,Bridget Dean,LSU,0,0,9.860,0,0
9045,25099,Christina Desiderio,LSU,0,0,9.900,9.900,0
9046,30953,Olivia Dunne,LSU,0,9.860,0,0,0
9047,25100,Sami Durante,LSU,0,9.930,9.565,0,0
9048,25101,Sarah Edwards,LSU,9.855,0,0,9.850,0
9050,31368,KJ Johnson,LSU,9.895,0,0,9.900,0
9052,30435,Kiya Johnson,LSU,9.900,9.860,9.925,0,0
9057,30438,Alyona Shchennikova,LSU,0,9.900,0,9.845,0
9073,31367,Aleah Finnegan,LSU,0,0,9.900,9.870,0
9276,29641,Audrey Barber,Maryland,9.860,9.890,9.870,9.915,39.505
9280,30954,Elizabeth Debarberie,Maryland,9.805,9.835,9.810,0,0
9283,31372,Athlyn Drage,Maryland,0,9.440,0,0,0
9285,31373,Josephine Kogler,Maryland,9.830,0,9.810,0,0
9288,31374,Sierra Kondo,Maryland,0,9.850,0,0,0
9290,30958,Alexa Rothenbuescher,Maryland,0,0,0,9.865,0
9291,30016,Alexsis Rubio,Maryland,9.885,0,0,9.780,0
9294,30445,Emma Silberman,Maryland,9.845,9.860,9.830,0,0
9297,30446,Aleka Tsiknias,Maryland,0,9.890,0,0,0
9298,30960,Olivia Weir,Maryland,9.820,0,9.790,0,0
9312,31375,Rhea Leblanc,Maryland,0,0,0,9.695,0
9337,30443,Reese Mcclure,Maryland,0,0,9.785,0,0
9385,30956,Tayler Osterhout,Maryland,0,0,0,9.795,0
9564,30018,Abby Brenner,Michigan,0,9.900,0,9.895,0
9565,30448,Sierra Brooks,Michigan,9.955,9.905,9.880,9.955,39.685
9569,30962,Reyna Guggino,Michigan,9.910,0,9.825,0,0
9572,30019,Abby Heiskell,Michigan,9.920,9.915,9.905,9.920,39.550
9576,30963,Naomi Morrison,Michigan,9.935,9.860,9.835,9.940,39.475
9580,30451,Gabby Wilson,Michigan,9.925,9.905,9.880,9.965,0
9584,30021,Natalie Wojcik,Michigan,9.930,9.940,9.945,9.935,39.510
9628,31378,Jacey Vore,Michigan,0,9.895,0,0,0
9828,30024,Sydney Ewing,Michigan State,0,0,0,9.880,0
9829,30966,Baleigh Garcia,Michigan State,9.825,9.735,9.910,0,0
9831,30968,Delanie Harkness,Michigan State,0,9.900,0,9.900,0
9835,30025,Ashley Hofelich,Michigan State,9.835,0,0,9.925,0
9837,31379,Lauren Hsu,Michigan State,9.845,0,0,0,0
9838,30454,Jori Jackard,Michigan State,0,9.875,0,0,0
9839,30970,Giana Kalefe,Michigan State,0,0,9.895,0,0
9842,31382,Skyla Schulte,Michigan State,9.850,9.885,9.885,9.900,39.465
9846,31383,Gabrielle Stephen,Michigan State,9.890,9.790,9.910,9.865,39.230
9850,30029,Alyssa Wiedeman,Michigan State,9.780,0,9.820,0,0
9865,25184,Lea Mitchell,Michigan State,0,9.870,9.865,9.880,0
10117,30973,Mya Hooten,Minnesota,9.920,9.855,0,9.970,0
10120,30975,Emily Koch,Minnesota,0,0,9.825,9.855,0
10124,25046,Ona Loper,Minnesota,9.955,9.900,9.880,9.925,39.645
10128,30032,Abbie Nylin,Minnesota,0,0,9.800,0,0
10131,25049,Lexy Ramler,Minnesota,9.875,9.935,9.960,9.920,39.665
10135,30461,Halle Remlinger,Minnesota,0,9.815,0,9.920,0
10139,30266,Hannah Willmarth,Minnesota,0,9.880,0,0,0
10140,30972,Gianna Gerdes,Minnesota,9.830,0,9.790,9.875,0
10208,30033,Tiarre Sales,Minnesota,0,9.885,0,0,0
10356,31389,Amari Celestine,Missouri,9.900,9.805,0,9.925,0
10359,31390,Grace Anne Davis,Missouri,9.805,0,0,0,0
10360,30462,Helen Hu,Missouri,0,0,9.910,0,0
10361,30978,Amaya Marshall,Missouri,9.775,9.840,9.825,0,0
10364,30038,Hannah McCrary,Missouri,0,0,9.790,9.870,0
10366,31393,Jocelyn Moore,Missouri,9.940,0,0,9.915,0
10369,30465,Hollyn Patrick,Missouri,0,9.850,0,0,0
10370,30980,Sydney Schaffer,Missouri,0,0,9.870,0,0
10373,30466,Sienna Schreiber,Missouri,9.845,9.855,9.935,9.860,39.490
10377,30068,Alisa Sheremeta,Missouri,0,9.865,9.870,9.895,0
10596,30467,Clara Colombo,Nebraska,0,9.870,0,0,0
10599,24979,Makayla Curtis,Nebraska,9.785,0,9.805,9.845,0
10601,30983,Kinsey Davis,Nebraska,9.860,9.875,9.865,0,0
10604,31396,Ayzhia Hall,Nebraska,9.800,0,9.580,9.810,0
10607,30468,Kylie Piringer,Nebraska,9.795,0,0,9.820,0
10609,24985,Kynsee Roby,Nebraska,0,9.675,9.825,0,0
10613,31399,Emma Simpton,Nebraska,0,9.715,0,0,0
10614,31400,Emma Spence,Nebraska,9.790,9.840,9.815,9.830,39.215
10618,30469,Kathryn Thaler,Nebraska,0,9.770,9.850,0,0
10628,31395,Genesis Gibson,Nebraska,0,9.775,0,0,0
10632,30985,Kaitlyn Higgins,Nebraska,0,0,9.815,9.860,0
10656,31397,Katie Kuenemann,Nebraska,0,0,0,9.695,0
10858,30044,Hannah Baddick,New Hampshire,9.755,0,9.660,0,0
10860,30337,Larissa Biette,New Hampshire,9.720,0,0,9.725,0
10864,31141,Jenna Devincenzo,New Hampshire,0,9.580,9.765,0,0
10865,29711,Lauren Diggan,New Hampshire,9.580,0,0,0,0
10867,30338,Kylie Gorgenyi,New Hampshire,9.865,9.870,0,9.805,0
10872,30046,Hailey Lui,New Hampshire,0,9.775,9.910,9.855,0
10873,30047,Mariella Miele,New Hampshire,9.790,0,0,0,0
10875,31403,Gracy Mowers,New Hampshire,9.790,0,0,9.825,0
10878,31404,Summer Simpkins,New Hampshire,0,9.645,9.550,0,0
10880,30341,Alyssa Worthington,New Hampshire,0,0,9.900,9.820,0
10886,30346,Kenadi Brown,New Hampshire,0,9.815,0,9.835,0
10895,29714,Kylie Kratchwell,New Hampshire,0,9.845,0,0,0
10908,31140,Sierra Bauman,New Hampshire,9.615,0,9.755,0,0
11122,30331,Elizabeth Culton,North Carolina,0,9.880,9.905,9.865,0
11125,31406,Lali Dekanoidze,North Carolina,9.855,9.850,9.650,9.815,39.165
11129,30568,Brianna Greenlow,North Carolina,0,9.750,0,9.830,0
11131,31407,Julia Knower,North Carolina,9.805,9.815,9.890,9.870,39.240
11135,30332,Hannah Nam,North Carolina,0,0,9.835,9.825,0
11137,31409,Isabelle Schaefer,North Carolina,0,9.850,0,0,0
11138,30992,Jamie Shearer,North Carolina,0,9.750,9.770,0,0
11140,30993,Cory Shinohara,North Carolina,9.810,0,0,0,0
11141,30334,Shailyn St. Brice,North Carolina,0,0,0,9.790,0
11142,29827,Emery Summey,North Carolina,9.800,0,9.825,0,0
11153,30989,Kate Greene,North Carolina,9.760,0,0,0,0
11168,30447,Julianna Weil,North Carolina,9.755,0,0,0,0
11385,31689,Shruthi Anand,North Carolina State,9.770,0,0,0,0
11386,30994,Madison Benson,North Carolina State,9.755,0,0,9.765,0
11389,30996,Gabrielle Diaz,North Carolina State,9.780,0,9.780,9.860,0
11392,30049,Kailin Foland,North Carolina State,0,0,9.790,0,0
11393,30998,Carina Jordan,North Carolina State,0,9.825,0,9.355,0
11396,31414,Hailey Merchant,North Carolina State,9.740,9.805,0,9.780,0
11397,30471,Alexis Ortega,North Carolina State,9.800,9.820,9.880,0,0
11400,30050,Meredith Robinson,North Carolina State,0,9.810,0,0,0
11401,31415,Lauren Rutherford,North Carolina State,9.805,9.850,0,9.875,0
11404,30472,Emily Shepard,North Carolina State,0,9.855,9.900,9.890,0
11407,25084,Nicole Webb,North Carolina State,0,0,9.880,9.825,0
11416,31412,Macy Jennings,North Carolina State,0,0,9.840,0,0
11673,30999,Alyssa Al-Ashari,Northern Illinois,0,9.790,9.845,0,0
11675,31417,Alana Anderson,Northern Illinois,0,0,0,9.870,0
11676,31000,Kendall George,Northern Illinois,0,0,9.745,0,0
11677,30475,Natalie Hamp,Northern Illinois,0,9.885,0,0,0
11678,30199,Morgan Hooper,Northern Illinois,9.705,9.725,9.840,9.820,38.955
11680,30200,Tara Kofmehl,Northern Illinois,0,0,9.735,9.920,0
11685,31420,Emmalise Nock,Northern Illinois,9.675,0,0,9.840,0
11687,30202,Liana Roman,Northern Illinois,0,9.755,0,0,0
11688,30476,Ciara Ryan,Northern Illinois,9.700,0,0,0,0
11689,31421,Isabella Sissi,Northern Illinois,9.755,0,0,9.805,0
11693,29683,Gabby Welch,Northern Illinois,9.810,0,0,9.755,0
11695,31422,Ellery Werner,Northern Illinois,0,0,9.835,0,0
11696,31003,Isabelle West,Northern Illinois,9.710,0,0,0,0
11714,30477,Brookelyn Sears,Northern Illinois,9.780,9.855,9.810,9.830,39.015
11961,30478,Elexis Edwards,Ohio State,9.860,9.850,0,9.920,0
11964,30145,Claire Gagliardi,Ohio State,0,0,0,9.885,0
11965,31004,Savannah Gonzalez,Ohio State,0,0,0,9.805,0
11966,31424,Kaitlyn Grimes,Ohio State,9.775,0,0,0,0
11968,30479,Alexis Hankins,Ohio State,0,9.610,9.840,9.910,0
11971,31425,Jenna Hlavach,Ohio State,9.835,9.680,0,9.895,0
11975,30147,Sydney Jennings,Ohio State,9.855,0,9.840,0,0
11976,30148,Colby Miller,Ohio State,0,9.925,0,0,0
11979,31005,Hannah Oliveros,Ohio State,0,0,9.665,0,0
11981,31006,Emma Pritchard,Ohio State,0,0,9.840,0,0
11982,30483,Zoe Schweitzer,Ohio State,0,9.770,9.750,0,0
11984,31008,Jojo Warga,Ohio State,0,0,0,9.820,0
11985,31423,Stephanie Berger,Ohio State,0,9.840,9.885,0,0
12001,30481,Raina Malas,Ohio State,9.825,0,0,0,0
12025,31007,Nicole Riccardi,Ohio State,9.800,9.895,0,0,0
12248,31428,Jordan Bowers,Oklahoma,9.965,9.930,0,9.935,0
12252,31009,Audrey Davis,Oklahoma,9.815,9.955,9.910,9.875,39.485
12256,30485,Jenna Dunn,Oklahoma,0,0,9.880,0,0
12257,31011,Bell Johnson,Oklahoma,0,0,0,9.895,0
12259,31013,Katherine Levasseur,Oklahoma,9.935,9.895,9.925,0,0
12261,31015,Sheridan Ramsey,Oklahoma,9.815,0,0,0,0
12262,31432,Danielle Sievers,Oklahoma,9.880,9.895,0,0,0
12263,30487,Ragan Smith,Oklahoma,0,9.905,9.980,9.945,0
12266,30054,Allie Stern,Oklahoma,9.885,0,0,0,0
12268,30278,Karrie Thomas,Oklahoma,0,9.925,0,0,0
12270,25004,Carly Woodard,Oklahoma,0,0,9.940,9.910,0
12281,31429,Danae Fletcher,Oklahoma,9.850,0,0,9.905,0
12413,30055,Olivia Trautman,Oklahoma,0,0,9.875,0,0
12536,31435,Carley Beeman,Oregon State,0,9.810,0,0,0
12537,30489,Kayla Bird,Oregon State,0,9.665,0,9.845,0
12539,31018,Jade Carey,Oregon State,9.945,9.955,9.935,9.965,39.790
12543,31437,Karlie Chavez,Oregon State,9.790,0,0,0,0
12544,30057,Madi Dagen,Oregon State,9.870,9.820,9.905,9.895,39.465
12548,30490,Jenna Domingo,Oregon State,0,0,9.890,0,0
12549,31019,Sydney Gonzales,Oregon State,9.825,0,9.865,9.750,0
12552,31439,Phoebe Jakubczyk,Oregon State,0,9.760,0,0,0
12553,31440,Lauren Letzsch,Oregon State,9.810,0,9.840,9.890,0
12556,29599,Colette Yamaoka,Oregon State,0,9.780,0,0,0
12557,29600,Kaitlyn Yanish,Oregon State,9.850,0,0,9.065,0
12776,30092,Melissa Astarita,Penn State,0,0,9.425,9.850,0
12778,30492,Amy Bladon,Penn State,0,0,9.430,0,0
12779,25007,Alissa Bonsall,Penn State,9.770,9.885,0,9.805,0
12782,25008,Lauren Bridgens,Penn State,9.830,9.865,9.795,9.870,39.170
12786,25009,Kourtney Chinnery,Penn State,9.810,0,0,0,0
12787,31446,Jessica Johanson,Penn State,9.840,9.815,0,9.690,0
12790,31027,Maddie Johnston,Penn State,0,9.820,9.830,0,0
12792,30493,Bella Romagnano,Penn State,0,0,9.675,0,0
12793,30494,Cassidy Rushlow,Penn State,9.800,9.860,0,9.740,0
12797,31447,Bella Salcedo,Penn State,9.810,0,9.790,9.915,0
12820,31448,Elina Vihrova,Penn State,0,0,0,9.870,0
12827,31443,Nikki Beckwith,Penn State,0,9.800,0,0,0
13039,30496,Ariyana Agarwala,Pennsylvania,9.765,0,0,0,0
13041,31030,Kiersten Belkoff,Pennsylvania,9.815,0,9.770,0,0
13043,31451,Rose Debarberie,Pennsylvania,9.795,0,9.775,0,0
13045,31031,Connie Hsu,Pennsylvania,9.735,9.400,0,0,0
13047,31033,Sara Kenefick,Pennsylvania,0,9.730,9.760,9.845,0
13050,30100,Sydney Kraez,Pennsylvania,9.780,9.810,0,9.690,0
13053,31034,Kristen Kuhn,Pennsylvania,0,9.800,0,0,0
13054,31035,Campbell Marr,Pennsylvania,0,0,9.570,0,0
13055,30502,Mccaleigh Marr,Pennsylvania,0,9.840,9.885,0,0
13056,30101,Sophia Restaino,Pennsylvania,0,9.465,0,0,0
13057,31456,Isabel Song,Pennsylvania,9.765,9.775,0,9.735,0
13060,31457,Olivia Vanhorn,Pennsylvania,9.715,0,0,9.755,0
13062,30102,Natalie Yang,Pennsylvania,0,0,9.745,0,0
13066,31450,Emma Davies,Pennsylvania,0,0,0,9.795,0
13101,30501,Rebekah Lashley,Pennsylvania,0,0,0,9.575,0
13303,30620,Lauren Beckwith,Pittsburgh,0,0,9.800,9.725,0
13304,30060,Katie Chamberlain,Pittsburgh,9.815,9.890,9.830,0,0
13307,31460,Hallie Copperwheat,Pittsburgh,9.805,9.860,9.870,9.805,39.235
13311,31461,Jordyn Ewing,Pittsburgh,0,9.840,9.745,9.845,0
13314,24948,Kailey Gillings,Pittsburgh,0,9.785,0,0,0
13315,30486,Erin Hutchison,Pittsburgh,0,9.730,0,9.810,0
13317,30063,Olivia Miller,Pittsburgh,9.760,0,0,9.815,0
13319,30064,Kiley Robatin,Pittsburgh,0,0,9.815,0,0
13320,30622,Ciara Ward,Pittsburgh,9.785,0,0,0,0
13322,31466,Sidney Washington,Pittsburgh,9.830,9.825,9.695,9.860,38.935
13565,31608,Kailey Ferri,Rhode Island College,9.265,8.270,9.290,9.095,35.635
13569,30656,Kelsey  Gates,Rhode Island College,9.190,8.815,9.210,9.780,36.905
13573,31610,Olivia Keyes,Rhode Island College,9.450,9.365,9.690,9.790,38.100
13577,30238,Alison  Kleinebreil,Rhode Island College,9.305,0,0,9.155,0
13578,31613,Olivia Lowe,Rhode Island College,0,8.505,0,0,0
13579,31614,Jessica Nugent,Rhode Island College,0,7.865,9.280,0,0
13581,30659,Alison Silva,Rhode Island College,0,0,9.210,0,0
13583,31617,Emma Tucker,Rhode Island College,9.465,8.770,9.605,9.380,37.040
13587,31619,Julia Yitts,Rhode Island College,0,0,0,9.340,0
13653,30657,Victoria Schlawiedt,Rhode Island College,0,8.015,0,0,0
13780,31039,Avery Balser,Rutgers,0,9.830,0,9.750,0
13783,25165,Belle Huang,Rutgers,9.850,0,9.875,9.920,0
13786,31768,Isabella Hughes,Rutgers,9.775,0,0,0,0
13788,30508,Hannah Joyner,Rutgers,9.830,9.805,9.905,9.910,39.320
13793,31044,Emily Leese,Rutgers,9.855,0,0,9.735,0
13796,31045,Calah Newman,Rutgers,9.750,9.730,9.825,9.765,38.655
13801,31771,Anna Pagliaro,Rutgers,9.710,0,0,9.755,0
13802,31049,Emily Wood,Rutgers,0,0,0,9.860,0
13803,31050,Stephanie Zannella,Rutgers,0,0,9.815,0,0
13807,31767,Brayden Battavio,Rutgers,0,0,9.740,0,0
13808,30069,Mia Betancourt,Rutgers,9.835,0,0,0,0
13843,31770,Jackie Manifold,Rutgers,0,0,9.715,0,0
13848,31772,Mya Pringle,Rutgers,0,9.790,0,0,0
13851,30511,Jordyn Zieden-Weber,Rutgers,0,9.725,0,0,0
13879,30504,Kaitlyn Bertola,Rutgers,0,9.645,0,0,0
14068,29647,Ashley Albrecht,S.E. Missouri,0,9.595,0,0,0
14070,31477,Madison Greene,S.E. Missouri,0,0,0,9.855,0
14073,30078,Anna Kaziska,S.E. Missouri,9.525,0,9.870,9.900,0
14076,30523,Molly Maxwell,S.E. Missouri,9.665,9.495,9.670,9.740,38.275
14080,30524,Jolie Miller,S.E. Missouri,9.565,9.865,9.665,0,0
14082,31479,Lindsay Ockler,S.E. Missouri,9.820,9.840,0,9.655,0
14085,31480,Nyah Reader,S.E. Missouri,9.570,0,9.755,9.515,0
14088,31060,Lydia Webb,S.E. Missouri,9.540,9.770,9.640,9.780,38.540
14207,31057,Anna Speller,S.E. Missouri,0,0,9.220,0,0
14329,31145,Sarah Fitzgerald,Sacramento State,9.770,9.425,0,9.600,0
14333,30513,Peyton Gillen,Sacramento State,0,0,9.745,0,0
14334,31470,Grace Gilman,Sacramento State,9.805,0,9.755,9.715,0
14338,30168,Amber Koeth,Sacramento State,0,9.770,9.880,9.830,0
14341,30169,Shaye Mathias,Sacramento State,0,9.700,9.570,0,0
14342,31146,Emma Morgenthaler,Sacramento State,9.860,9.710,9.710,9.790,39.000
14344,31148,Torri Tavenner,Sacramento State,9.730,9.700,0,9.515,0
14347,30171,Destiny Watley,Sacramento State,9.695,9.765,0,9.715,0
14398,31149,Mary Won,Sacramento State,9.715,0,0,0,0
14591,31473,Micheala Gentry,San Jose State,9.755,0,0,0,0
14592,30631,Cameron Kelperis,San Jose State,9.700,0,0,9.865,0
14594,31052,Madison Kirsch,San Jose State,9.875,0,9.790,0,0
14596,31053,Jaudai Lopes,San Jose State,9.850,9.830,9.795,9.835,39.230
14600,31054,Lauren Macpherson,San Jose State,9.795,9.820,9.845,9.855,39.260
14604,30076,Antonia Marquez,San Jose State,0,0,0,9.760,0
14605,30632,Jada Mazury,San Jose State,9.765,9.900,9.830,9.895,39.345
14609,30633,Emma Milne,San Jose State,0,9.815,9.910,0,0
14611,30077,Carli Orcutt,San Jose State,0,0,0,9.745,0
14612,30635,Alexa Solomon,San Jose State,0,9.815,0,0,0
14613,31476,Katherine Weyhmiller,San Jose State,0,0,9.820,0,0
14636,24803,Mercedez Sanchez,San Jose State,0,9.005,0,0,0
14834,31621,Audrey Arnold,Southern Conn.,0,9.710,0,0,0
14835,31628,Emelia Diaz,Southern Conn.,0,0,9.690,0,0
14836,30627,Delaney Fields,Southern Conn.,0,9.615,0,0,0
14837,30082,Cassidy Girolamo,Southern Conn.,9.735,9.535,0,9.695,0
14840,31634,Emiley Kahl,Southern Conn.,0,0,9.510,0,0
14841,31636,Angel Lee,Southern Conn.,0,0,9.715,0,0
14842,30083,Noely Macias,Southern Conn.,0,0,0,9.600,0
14845,31644,Ciana Rios,Southern Conn.,0,9.295,0,9.345,0
14852,31649,Sidney Wilson,Southern Conn.,9.600,0,0,0,0
14853,31651,Hanna Zebdi,Southern Conn.,9.765,0,9.140,9.790,0
14858,30081,Chelsea Baker,Southern Conn.,0,9.745,0,0,0
14859,31625,Lexi Bracher,Southern Conn.,9.565,0,0,0,0
14860,31626,Brooke Burkhart,Southern Conn.,9.730,0,0,9.115,0
14867,30792,Bianca Leon,Southern Conn.,0,9.810,0,0,0
14905,31624,Ava Boyd,Southern Conn.,0,0,0,9.515,0
14931,31170,Breyana Daniels,Southern Conn.,9.450,0,0,0,0
14945,31648,Madi Tansowny,Southern Conn.,0,0,8.660,0,0
14959,31632,Molly Froman,Southern Conn.,0,0,9.585,0,0
15142,25038,Morgan Alfaro,Southern Utah,9.855,0,0,0,0
15143,30086,Mayson Bentley,Southern Utah,0,9.825,0,0,0
15146,31203,Anna Hartley,Southern Utah,9.685,0,0,0,0
15147,30529,Kayla Horton,Southern Utah,0,0,0,9.800,0
15149,30087,Caitlin Kho,Southern Utah,9.875,9.775,0,0,0
15150,30088,Karley McClain,Southern Utah,0,9.820,0,9.895,0
15152,30089,Shylen Murakami,Southern Utah,0,9.920,9.820,0,0
15154,25053,Hannah Nipp,Southern Utah,0,9.840,9.825,9.875,0
15157,31162,Aubri Schwartze,Southern Utah,0,9.830,9.715,9.865,0
15160,30090,Rachel Smith,Southern Utah,9.850,0,9.805,9.815,0
15163,30091,Stephanie Tervort,Southern Utah,9.780,0,0,0,0
15164,30532,Nikki Thomas,Southern Utah,0,9.815,0,0,0
15165,30127,Emma Wissman,Southern Utah,0,0,9.760,0,0
15187,31163,Hailey Vultaggio,Southern Utah,9.765,0,9.850,9.790,0
15406,30203,Alana Calabrese,Springfield College,0,8.705,0,0,0
15409,30204,Kayla Deecher,Springfield College,9.130,0,0,0,0
15410,30207,Leah Jewett,Springfield College,0,8.425,8.915,0,0
15412,31723,Anne Kiley,Springfield College,9.485,0,0,0,0
15414,31724,Delaney LaViolette,Springfield College,9.435,0,0,9.235,0
15418,31726,Ayako Maeda,Springfield College,0,8.570,0,0,0
15419,31729,Winter Osborne,Springfield College,0,9.100,0,0,0
15421,30210,Sophie Parquet,Springfield College,0,0,9.100,9.605,0
15422,31730,Naya Robinson,Springfield College,0,0,0,9.325,0
15424,30701,Devon Rosier,Springfield College,0,0,9.480,9.550,0
15425,31733,Rae Anna Schutz,Springfield College,9.475,0,9.470,9.485,0
15428,30702,Tori Sipes,Springfield College,0,9.045,9.320,0,0
15439,30209,MacKenzie MacLeod,Springfield College,9.545,0,9.595,9.710,0
15442,31727,Kelly McGuinness,Springfield College,9.305,0,0,0,0
15597,30103,Madison Brunette,Stanford,9.800,9.835,0,9.850,0
15600,25033,Kyla  Bryant,Stanford,9.880,9.860,9.800,9.925,39.395
15604,30533,Jade Chrobok,Stanford,9.745,0,0,0,0
15605,31489,Anapaula Gutierrez,Stanford,9.855,9.775,0,9.850,0
15610,31491,Brenna Neault,Stanford,9.790,9.835,9.880,9.795,38.965
15614,31063,Isabela Onyshko,Stanford,0,0,9.695,0,0
15615,30106,Wesley Stephenson,Stanford,0,0,9.845,0,0
15616,30107,Grace Waguespack,Stanford,0,9.845,0,0,0
15618,31065,Amanda Zeng,Stanford,9.745,0,0,0,0
15631,30104,Morgan Hoang,Stanford,0,0,0,9.885,0
15656,25036,Taylor Lawson,Stanford,0,9.840,9.810,9.890,0
15661,31064,Sze En Tan,Stanford,0,0,9.460,0,0
15856,30108,Ariana Castrence,Temple,9.845,9.820,9.850,8.570,0
15859,31068,Brooke Donabedian,Temple,0,9.750,9.795,9.890,0
15862,29654,Tori Edwards,Temple,0,0,0,9.865,0
15865,30000,Caitlin Gray,Temple,0,9.755,0,0,0
15866,31495,Anna Hill,Temple,9.800,0,0,0,0
15868,25121,Faith Leary,Temple,0,0,0,9.850,0
15869,30296,Julianna Roland,Temple,9.855,0,9.840,9.820,0
15872,31496,Summer Ruskey,Temple,0,0,9.710,0,0
15873,31072,Renee Schugman,Temple,0,0,9.775,9.830,0
15875,31498,Hannah Stallings,Temple,9.800,9.755,9.840,9.770,38.875
15880,30537,Madison Brooks,Temple,0,9.750,0,0,0
15901,31499,Sarah Stallings,Temple,9.775,9.820,0,0,0
15904,31066,Mackenzie Aresta,Temple,9.765,0,0,0,0
16168,31501,Emerson Adams,Texas Woman's,9.820,0,0,0,0
16169,30115,Domi Bonzagni,Texas Woman's,0,0,0,9.760,0
16172,31075,Madeline Gose,Texas Woman's,9.790,0,9.835,9.850,0
16175,30116,Isabel Goyco,Texas Woman's,0,9.495,0,9.845,0
16177,30663,Mara Johnson,Texas Woman's,9.755,9.745,0,9.835,0
16179,31076,Steelie King,Texas Woman's,0,9.740,9.830,0,0
16182,30665,Beth Lazarus,Texas Woman's,9.720,9.640,0,0,0
16184,31505,Sierra Muns,Texas Woman's,9.780,0,0,9.815,0
16186,30628,Alixandra Pierce,Texas Woman's,0,0,0,9.765,0
16188,30666,Kyla Podges,Texas Woman's,0,9.700,9.770,0,0
16190,31506,Emily Six,Texas Woman's,0,0,9.740,0,0
16191,30772,Daisy Woodring,Texas Woman's,9.825,0,9.640,0,0
16197,30662,Maddie Griffith,Texas Woman's,0,9.695,0,0,0
16253,30664,Mackenzie Kunzman,Texas Woman's,0,0,9.735,0,0
16455,30636,Lauren Bolen,Towson,9.840,0,9.790,9.785,0
16458,30118,Nikki Borkowski,Towson,9.780,0,0,9.740,0
16460,30638,Paige Casper,Towson,0,0,0,9.695,0
16461,31507,Mia Davis,Towson,9.810,0,0,0,0
16462,31508,Clara Hong,Towson,0,9.840,9.850,9.850,0
16465,30119,Emerson Hurst,Towson,0,0,9.855,0,0
16466,31509,Lauren Keener,Towson,0,9.805,9.830,0,0
16468,31510,Steph Macasu,Towson,0,9.855,0,0,0
16471,30640,Amy Stewart,Towson,0,0,0,9.870,0
16473,31512,Elise Tisler,Towson,9.815,0,0,0,0
16474,31083,Grace Vaillancourt,Towson,0,9.835,9.790,9.820,0
16475,30641,Camille Vitoff,Towson,9.820,9.815,0,0,0
16476,30642,Jenna Weitz,Towson,9.770,0,9.865,9.785,0
16581,31079,Sarah Girot,Towson,0,9.770,0,0,0
16767,31690,Keanna Abraham,UC Davis,9.850,0,9.545,9.855,0
16771,29734,Kyla Kessler,UC Davis,9.845,9.780,9.855,9.885,39.280
16775,31156,Kaitlyn Lyle,UC Davis,0,0,9.795,0,0
16776,30709,Thea Michovsky,UC Davis,0,9.805,0,0,0
16777,31158,Emma Otsu,UC Davis,9.790,0,9.830,9.815,0
16780,31694,Emily Pires,UC Davis,9.845,0,0,0,0
16781,31695,Megan Ray,UC Davis,9.795,0,9.810,9.900,0
16784,31696,Ava Scafani,UC Davis,0,9.805,9.795,0,0
16788,30176,Shannon Sklow,UC Davis,0,9.645,0,9.685,0
16790,31697,Bella Trejo,UC Davis,0,0,0,9.825,0
16796,30174,Cortney Cunningham,UC Davis,9.690,9.730,0,0,0
16825,29735,Gabby Landess,UC Davis,0,9.140,0,0,0
16859,30710,Rachel Schuelke-Lombardi,UC Davis,0,0,9.830,0,0
17031,31085,Chae Campbell,UCLA,9.915,9.840,9.860,9.905,0
17034,31789,Jordan Chiles,UCLA,9.890,9.925,9.790,9.925,39.360
17037,30122,Norah Flatley,UCLA,9.835,9.920,9.850,9.890,39.325
17042,31516,Emma Malabuyo,UCLA,9.820,9.820,9.910,9.850,39.310
17045,31087,Brooklyn Moors,UCLA,9.785,0,0,9.840,0
17047,31519,Ana Padurariu,UCLA,0,9.615,9.880,0,0
17049,29591,Kendal Poston,UCLA,9.740,0,0,0,0
17051,29981,Samantha Sakti,UCLA,0,0,9.850,0,0
17052,29592,Pauline Tratz,UCLA,0,0,0,9.775,0
17126,30125,Sekai Wright,UCLA,9.735,0,0,0,0
17271,31150,Ashley Cromer,Ursinus College,9.245,0,8.970,0,0
17273,30213,Taylor Cusick,Ursinus College,9.565,0,0,9.295,0
17275,30668,Alyssa DeLorme,Ursinus College,9.425,9.565,9.590,9.520,37.795
17279,30215,Kaylin Knapsack,Ursinus College,0,0,9.395,9.720,0
17282,31521,Megan Matteucci,Ursinus College,0,9.130,0,0,0
17284,30669,Alex Panetta,Ursinus College,0,9.280,0,0,0
17288,30216,Gabrielle Pitt,Ursinus College,0,0,8.880,0,0
17289,31526,Adison Tanguay,Ursinus College,0,9.160,0,0,0
17292,31151,Carly Troilo,Ursinus College,9.410,8.880,0,0,0
17294,31527,Madison Zimmerman,Ursinus College,9.340,0,9.600,0,0
17310,30670,Kasey Ricci,Ursinus College,0,0,0,9.190,0
17312,31524,Isabelle Scarpetti,Ursinus College,0,0,8.775,0,0
17330,25193,Abigail Schwerdt,Ursinus College,0,9.075,0,0,0
17481,25030,Alexia Burch,Utah,9.895,0,0,0,0
17484,30152,Cammy Hall,Utah,9.880,0,0,0,0
17485,30544,Jillian Hoffman,Utah,9.820,0,0,0,0
17486,30153,Cristal Isa,Utah,0,9.910,9.960,0,0
17488,31529,Grace McCallum,Utah,9.905,9.955,9.925,9.945,39.650
17492,31530,Amelie Morgan,Utah,0,9.890,9.910,0,0
17494,30545,Maile O'Keefe,Utah,0,9.890,9.970,9.920,0
17496,30546,Abby Paulson,Utah,0,9.840,9.935,9.890,0
17499,30547,Jaedyn Rucker,Utah,9.895,0,0,9.895,0
17501,25032,Sydney Soloski,Utah,0,0,0,9.960,0
17502,31092,Lucy Stanhope,Utah,9.905,0,0,9.740,0
17504,31531,Sage Thompson,Utah,0,9.915,0,0,0
17522,30154,Adrienne Randall,Utah,0,0,9.745,0,0
17769,29999,Carley Bayles,Utah State,0,0,9.890,0,0
17770,31095,Brianna Brooks,Utah State,9.820,9.870,9.850,0,0
17773,31533,Trinity Brown,Utah State,9.840,0,0,9.870,0
17775,31534,Brie Clark,Utah State,9.785,0,9.850,9.940,0
17778,31535,Amari Evans,Utah State,0,0,0,9.820,0
17779,30795,Maia Fishwick,Utah State,0,9.870,0,0,0
17780,30794,Jessica Gutierrez,Utah State,0,9.810,0,9.745,0
17782,31098,Eve Jackson,Utah State,9.740,9.795,0,9.865,0
17785,31537,Kielyn McCright,Utah State,0,0,9.850,0,0
17787,30553,Sofi Sullivan,Utah State,0,9.505,9.880,0,0
17789,30793,Rebecca Wells,Utah State,9.860,9.825,9.875,9.830,39.265
17795,31532,Molly Arnold,Utah State,9.795,0,0,9.845,0
18056,30796,Emma Barry,UW-Eau Claire,0,8.900,0,9.420,0
18058,30300,Bailey Davidson,UW-Eau Claire,0,0,0,9.355,0
18060,29800,Andrea Gessner,UW-Eau Claire,9.405,0,0,0,0
18061,30731,Christina Leikam,UW-Eau Claire,0,8.640,8.940,0,0
18063,30301,Danielle Malecha,UW-Eau Claire,0,8.905,8.930,0,0
18065,31218,Tia Ravara,UW-Eau Claire,9.160,0,9.525,0,0
18068,30732,Liliana Shank,UW-Eau Claire,0,8.705,0,0,0
18072,30302,Tayla Thome,UW-Eau Claire,0,0,0,8.975,0
18073,31788,Harriet Toth,UW-Eau Claire,9.345,8.815,9.150,0,0
18078,30736,Abby Weber,UW-Eau Claire,0,0,8.965,0,0
18082,30735,Katie Fahrenkamp,UW-Eau Claire,0,0,0,9.130,0
18089,31785,Andrea O'Connell,UW-Eau Claire,9.175,0,0,9.365,0
18223,31736,Sara Beck,UW-La Crosse,9.415,0,0,0,0
18227,31737,Rachel Chesley,UW-La Crosse,9.625,9.300,0,9.535,0
18230,29666,Jenna Danninger,UW-La Crosse,0,0,0,9.450,0
18232,30738,Jordyn Faust,UW-La Crosse,0,0,9.320,0,0
18233,30740,Kerrie Legault,UW-La Crosse,0,9.635,0,0,0
18234,30275,Olivia Opheim,UW-La Crosse,0,0,9.440,9.360,0
18236,30739,Cate Sandvik,UW-La Crosse,0,8.910,9.555,9.560,0
18239,31740,Jessica Taylor,UW-La Crosse,0,0,0,9.425,0
18241,30742,Madi Vanderpool,UW-La Crosse,9.505,9.515,0,0,0
18244,30744,Alex Wood,UW-La Crosse,9.570,0,0,9.395,0
18254,31739,Kyla Dickson,UW-La Crosse,9.395,0,9.420,0,0
18258,30271,Emma Grant,UW-La Crosse,0,0,9.740,0,0
18259,30272,Megan Hawkins,UW-La Crosse,9.440,0,0,0,0
18283,29668,Molly Lyngaas,UW-La Crosse,0,9.525,0,0,0
18415,31236,Emily Buffington,UW-Oshkosh,9.705,9.625,0,9.460,0
18419,31741,Delaney Cienkus,UW-Oshkosh,0,0,9.555,9.285,0
18420,30232,Emily Gilot,UW-Oshkosh,9.675,9.415,0,0,0
18422,30234,Kaira Hammond,UW-Oshkosh,0,0,9.490,0,0
18423,30283,Rahdea Jarvis,UW-Oshkosh,9.480,9.540,0,9.650,0
18426,30233,Olivia Keller,UW-Oshkosh,0,0,9.515,9.615,0
18428,31744,Mia Lucero,UW-Oshkosh,9.535,0,0,0,0
18429,30236,Alyssa Nore,UW-Oshkosh,0,0,0,9.410,0
18430,30749,Trinity Sawyer,UW-Oshkosh,9.390,9.485,0,9.625,0
18436,31750,Samantha Zeilinger,UW-Oshkosh,0,9.485,0,0,0
18438,31239,Anna Zoromski,UW-Oshkosh,0,0,9.495,0,0
18439,31235,Kaylie Berens,UW-Oshkosh,0,0,9.540,0,0
18454,31237,Audrey Koester,UW-Oshkosh,9.390,0,0,0,0
18607,30774,Carlie Beatty,UW-Stout,0,0,9.485,9.320,0
18609,31186,Kiara Brown,UW-Stout,9.445,9.560,9.345,0,0
18612,24654,Mikala Bugge,UW-Stout,9.705,9.375,0,0,0
18616,31188,Genevieve Czaplewski,UW-Stout,0,0,9.380,9.355,0
18618,31189,Jensen Dejong,UW-Stout,9.310,0,0,0,0
18619,31753,Effie Ferguson,UW-Stout,0,8.790,9.610,9.495,0
18623,31754,Isabela Krulich,UW-Stout,9.235,0,0,9.465,0
18628,31756,Gabrielle Winstead,UW-Stout,9.390,0,0,9.445,0
18775,31228,Estee Flom,UW-Whitewater,0,9.570,0,0,0
18776,31229,Lauren Goble,UW-Whitewater,0,0,9.510,0,0
18777,31232,Kelsey Kollhoff,UW-Whitewater,0,9.600,9.495,9.605,0
18781,30258,Rachel Lewellen,UW-Whitewater,9.685,0,0,0,0
18782,30783,Morgan McEntire,UW-Whitewater,0,0,8.945,0,0
18783,30756,Meg McGinley,UW-Whitewater,9.500,0,9.465,9.360,0
18786,30755,Faith Mylin,UW-Whitewater,9.415,0,9.240,9.705,0
18790,30261,Emily North,UW-Whitewater,9.435,9.235,9.585,9.695,37.760
18794,30754,Taiya Stelmachowski,UW-Whitewater,0,9.535,0,0,0
18795,31781,Richella Velarmino,UW-Whitewater,0,9.480,0,0,0
18796,31783,Kara Welsh,UW-Whitewater,9.680,0,0,9.540,0
18964,30761,Morgan Bowles,Washington,0,9.775,9.625,0,0
18966,29993,Brenna Brooks,Washington,9.735,9.820,9.870,0,0
18968,29995,Amara Cunningham,Washington,9.880,0,0,9.880,0
18970,29858,Kennedi Davis,Washington,9.770,0,9.880,0,0
18973,31101,Skylar Killough-Wilhelm,Washington,9.815,9.890,9.920,9.810,39.395
18977,31540,Deiah Moody,Washington,0,9.730,9.610,0,0
18979,31541,Lana Navarro,Washington,9.850,0,9.835,9.815,0
18981,31103,Taylor Russon,Washington,0,9.775,9.505,0,0
18983,29585,Geneva Thompson,Washington,9.885,9.835,0,9.785,0
18986,30556,Isa Weiss,Washington,0,0,0,9.795,0
18988,31539,Ashley Blum,Washington,9.740,0,0,9.825,0
19078,31104,Lauren Thomas,Washington,0,0,9.795,0,0
19251,30217,Annie Bailey,West Chester,9.565,0,0,0,0
19252,31106,Hyla Betts,West Chester,0,9.685,9.675,0,0
19253,31107,Caroline Cascadden,West Chester,0,0,9.690,9.775,0
19255,31544,Jordan Coleman,West Chester,0,9.760,0,0,0
19256,30220,Rose Fanara,West Chester,0,0,9.400,9.740,0
19258,31108,Kiley Fred,West Chester,9.700,0,0,9.595,0
19260,30696,Kiah Johnson,West Chester,9.745,0,0,0,0
19262,30697,Samantha Kelly,West Chester,0,9.660,0,0,0
19263,30222,McKenna Kissinger,West Chester,9.650,0,0,9.845,0
19266,31545,Natalie Marshall,West Chester,0,0,9.770,0,0
19267,31109,Lily McFarland,West Chester,9.480,0,9.805,9.525,0
19270,29622,Jessica Meakim,West Chester,9.735,9.715,9.600,9.890,38.840
19274,31547,Kristina Rodriguez,West Chester,0,9.640,0,0,0
19299,31542,Caitlyn Allen,West Chester,9.640,0,0,0,0
19357,30221,Brashlyn Johnson,West Chester,0,0,0,9.660,0
19418,31112,Lauren Wicker,West Chester,0,9.410,0,0,0
19539,30306,Esperanza Abarca,West Virginia,0,9.800,0,0,0
19540,31550,Brooke Alban,West Virginia,9.785,9.780,0,0,0
19541,31113,Chloe Asper,West Virginia,0,0,9.850,0,0
19542,29989,Kendra Combs,West Virginia,9.725,9.835,9.830,9.910,39.145
19546,31116,Agatha Handono,West Virginia,0,0,9.800,0,0
19547,30557,Emily Holmes-Hackerd,West Virginia,0,0,0,9.865,0
19548,29990,Rachel Hornung,West Virginia,9.815,9.765,9.820,9.765,39.105
19552,31553,Anna Leigh,West Virginia,0,9.800,0,9.855,0
19555,31117,Kiana Lewis,West Virginia,9.820,0,0,9.870,0
19557,30559,Abbie Pierson,West Virginia,9.810,0,9.865,9.895,0
19560,30561,Kianna Yancey,West Virginia,9.785,9.840,0,9.865,0
19804,31757,Halle Faulkner,Western Michigan,9.785,0,0,0,0
19808,31758,Molly Freeman,Western Michigan,0,9.810,0,0,0
19809,31759,Rylee Gallmeyer,Western Michigan,0,0,9.730,0,0
19810,30563,Amanda Gruber,Western Michigan,0,0,9.865,0,0
19812,31119,Sarah Moravansky,Western Michigan,9.850,9.820,9.785,9.830,39.165
19816,30565,Payton Murphy,Western Michigan,9.850,9.810,9.865,9.900,39.345
19820,31120,Dani Petrousek,Western Michigan,9.755,9.775,9.655,9.835,39.000
19823,31760,Donnakathryn Roy,Western Michigan,0,9.760,0,9.805,0
19848,31764,Cassie St. Claire,Western Michigan,0,0,0,9.825,0
19849,30566,Josephine Thomas,Western Michigan,0,0,9.790,0,0
19859,29985,Carissa Ludwig,Western Michigan,0,0,0,9.825,0
20050,29979,Chloe Campbell,William & Mary,9.530,0,9.605,9.775,0
20053,30567,Abby Carpenter,William & Mary,0,0,9.600,8.890,0
20054,31558,Sophie Chandler,William & Mary,9.495,0,0,9.525,0
20058,31123,Sofia Huang,William & Mary,9.480,9.055,0,0,0
20059,31560,Sarah Kuper,William & Mary,9.555,9.705,9.520,9.400,37.970
20061,30570,Keaghan Schafer,William & Mary,0,9.010,9.705,9.770,0
20064,30571,Emma Wiley,William & Mary,9.580,9.520,9.415,0,0
20066,31562,Sarah Wozniak,William & Mary,0,9.735,0,0,0
20282,29860,Hailey Bryant,Winona State,0,8.990,0,0,0
20285,30573,Allison Crescimanno,Winona State,0,8.670,0,0,0
20286,29862,Katie Curtis,Winona State,9.075,0,0,0,0
20288,31127,Ava Gaudet,Winona State,0,0,9.005,0,0
20289,30575,Breanna Ho,Winona State,9.390,9.270,8.680,0,0
20291,29871,Gabrielle Johnson,Winona State,0,0,9.100,0,0
20292,31128,Izzy Kropiwiec,Winona State,9.305,0,0,9.575,0
20296,31565,Camdyn McSweeney,Winona State,0,0,0,9.335,0
20298,31566,Kennedy O'Connor,Winona State,9.515,0,0,9.195,0
20300,31129,Ashley Roth,Winona State,0,8.370,0,0,0
20301,31567,Bryce Stoltz,Winona State,9.245,8.980,9.450,9.345,37.010
20302,29877,Kaitlyn West,Winona State,9.255,8.610,9.150,9.165,35.800
20306,31124,Lydia Anderson,Winona State,0,0,8.910,0,0
20474,31568,Oren Aviad,Yale,9.640,9.710,0,0,0
20476,29854,Lindsay Chia,Yale,9.805,9.720,9.850,9.830,38.945
20480,31174,Emma Magiacapre,Yale,0,0,9.565,0,0
20481,30645,Riley Meeks,Yale,0,0,9.730,9.635,0
20484,30646,Aimee Titche,Yale,9.650,0,0,9.545,0
20485,29857,Kendal Toy,Yale,0,9.770,9.770,9.770,0
20488,30647,Raegan Walker,Yale,9.770,9.855,9.860,0,0
20491,31175,Sherry Wang,Yale,9.700,9.805,0,9.800,0
20494,31176,Sarah Wilson,Yale,9.620,9.795,9.505,9.750,38.570
